{
  "puzzles": 109,
  "mrr": 0.09618403469897455,
  "group_recall_at_k": {
    "5": 0.12614678899082568,
    "10": 0.16055045871559634,
    "20": 0.19954128440366972,
    "50": 0.27293577981651373
  },
  "avg_best_true_group_rank": 38.63302752293578,
  "partitions_found": 93,
  "avg_exact_groups_in_best_partition": 0.1926605504587156,
  "perfect_best_partitions": 0
}