{
  "puzzles": 109,
  "mrr": 0.09686809589722689,
  "group_recall_at_k": {
    "5": 0.11009174311926606,
    "10": 0.14220183486238533,
    "20": 0.19495412844036697,
    "50": 0.2706422018348624
  },
  "avg_best_true_group_rank": 36.055045871559635,
  "partitions_found": 98,
  "avg_exact_groups_in_best_partition": 0.29357798165137616,
  "perfect_best_partitions": 0
}